,stem,answer,choice,prefix,pmi_pred,prediction
0,"['strong', 'stronger']",2,"[['fortunate', 'fortunately'], ['tight', 'young'], ['tall', 'taller'], ['newer', 'larger']]",gram3-comparative,2,2
1,"['simple', 'simpler']",2,"[['cheap', 'great'], ['most', 'mostly'], ['slow', 'slower'], ['taller', 'weaker']]",gram3-comparative,2,2
2,"['low', 'lower']",3,"[['bad', 'young'], ['infrequent', 'infrequently'], ['worse', 'simpler'], ['new', 'newer']]",gram3-comparative,2,3
3,"['heavy', 'heavier']",2,"[['generate', 'generates'], ['tall', 'slow'], ['high', 'higher'], ['safer', 'simpler']]",gram3-comparative,3,2
4,"['high', 'higher']",2,"[['striking', 'struck'], ['shorter', 'cooler'], ['hot', 'hotter'], ['bad', 'great']]",gram3-comparative,2,2
5,"['tight', 'tighter']",0,"[['tough', 'tougher'], ['impressive', 'unimpressive'], ['fast', 'easy'], ['lower', 'cooler']]",gram3-comparative,0,0
6,"['sharp', 'sharper']",0,"[['short', 'shorter'], ['younger', 'colder'], ['complete', 'completely'], ['hard', 'cold']]",gram3-comparative,0,0
7,"['loud', 'louder']",0,"[['low', 'lower'], ['old', 'young'], ['cool', 'coolest'], ['newer', 'cheaper']]",gram3-comparative,2,0
8,"['safe', 'safer']",0,"[['sharp', 'sharper'], ['cool', 'hot'], ['discover', 'discovering'], ['stronger', 'smaller']]",gram3-comparative,0,0
9,"['bad', 'worse']",1,"[['mango', 'mangoes'], ['big', 'bigger'], ['higher', 'colder'], ['long', 'short']]",gram3-comparative,0,1
10,"['good', 'better']",2,"[['large', 'young'], ['newer', 'longer'], ['great', 'greater'], ['describe', 'describing']]",gram3-comparative,1,2
11,"['short', 'shorter']",0,"[['simple', 'simpler'], ['deep', 'young'], ['big', 'biggest'], ['worse', 'easier']]",gram3-comparative,0,0
12,"['hot', 'hotter']",0,"[['large', 'larger'], ['fast', 'small'], ['sweet', 'sweetest'], ['shorter', 'louder']]",gram3-comparative,2,0
13,"['cold', 'colder']",1,"[['long', 'great'], ['cool', 'cooler'], ['slower', 'hotter'], ['walking', 'walked']]",gram3-comparative,2,1
14,"['tall', 'taller']",1,"[['machine', 'machines'], ['tight', 'tighter'], ['bright', 'heavy'], ['faster', 'smarter']]",gram3-comparative,3,1
15,"['weak', 'weaker']",2,"[['road', 'roads'], ['new', 'cold'], ['wide', 'wider'], ['faster', 'bigger']]",gram3-comparative,3,2
16,"['wide', 'wider']",0,"[['young', 'younger'], ['newer', 'colder'], ['lucky', 'luckiest'], ['big', 'safe']]",gram3-comparative,2,0
17,"['smart', 'smarter']",3,"[['tasty', 'tastiest'], ['heavier', 'longer'], ['fast', 'wide'], ['strong', 'stronger']]",gram3-comparative,1,3
18,"['long', 'longer']",1,"[['swimming', 'swam'], ['loud', 'louder'], ['greater', 'cheaper'], ['old', 'sharp']]",gram3-comparative,1,1
19,"['deep', 'deeper']",0,"[['easy', 'easier'], ['finger', 'fingers'], ['younger', 'tougher'], ['cool', 'simple']]",gram3-comparative,1,0
20,"['slow', 'slower']",0,"[['small', 'smaller'], ['lower', 'louder'], ['swim', 'swims'], ['new', 'cold']]",gram3-comparative,2,0
21,"['old', 'older']",2,"[['newer', 'hotter'], ['likely', 'unlikely'], ['quick', 'quicker'], ['fast', 'smart']]",gram3-comparative,2,2
22,"['small', 'smaller']",0,"[['smart', 'smarter'], ['small', 'smallest'], ['safer', 'easier'], ['old', 'slow']]",gram3-comparative,0,0
23,"['great', 'greater']",1,"[['weak', 'small'], ['hard', 'harder'], ['slow', 'slowly'], ['shorter', 'bigger']]",gram3-comparative,1,1
24,"['quick', 'quicker']",0,"[['safe', 'safer'], ['cool', 'warm'], ['Netherlands', 'Dutch'], ['worse', 'tighter']]",gram3-comparative,1,0
25,"['hard', 'harder']",0,"[['heavy', 'heavier'], ['China', 'Chinese'], ['stronger', 'tighter'], ['tall', 'simple']]",gram3-comparative,2,0
26,"['new', 'newer']",1,"[['larger', 'hotter'], ['old', 'older'], ['strong', 'safe'], ['furious', 'furiously']]",gram3-comparative,0,1
27,"['cheap', 'cheaper']",2,"[['weak', 'young'], ['safer', 'smaller'], ['cold', 'colder'], ['Cambodia', 'Cambodian']]",gram3-comparative,3,2
28,"['easy', 'easier']",3,"[['shorter', 'tighter'], ['Spain', 'Spanish'], ['bad', 'small'], ['fast', 'faster']]",gram3-comparative,0,3
29,"['warm', 'warmer']",1,"[['large', 'great'], ['weak', 'weaker'], ['higher', 'larger'], ['pineapple', 'pineapples']]",gram3-comparative,3,1
30,"['big', 'bigger']",0,"[['bright', 'brighter'], ['stronger', 'smarter'], ['slowing', 'slowed'], ['bad', 'sharp']]",gram3-comparative,1,0
31,"['young', 'younger']",1,"[['stronger', 'smaller'], ['bad', 'worse'], ['weak', 'easy'], ['wide', 'widest']]",gram3-comparative,3,1
32,"['fast', 'faster']",3,"[['lower', 'larger'], ['lion', 'lions'], ['bright', 'simple'], ['good', 'better']]",gram3-comparative,1,3
33,"['tough', 'tougher']",0,"[['warm', 'warmer'], ['younger', 'harder'], ['Sweden', 'Swedish'], ['bad', 'cold']]",gram3-comparative,2,0
34,"['consistent', 'inconsistent']",0,"[['convincing', 'unconvincing'], ['likely', 'acceptable'], ['swift', 'swiftly'], ['unreasonable', 'irresponsible']]",gram2-opposite,3,0
35,"['efficient', 'inefficient']",0,"[['ethical', 'unethical'], ['swift', 'swiftly'], ['unlikely', 'inconsistent'], ['productive', 'rational']]",gram2-opposite,0,0
36,"['convincing', 'unconvincing']",1,"[['free', 'freely'], ['convenient', 'inconvenient'], ['unlikely', 'inconsistent'], ['possible', 'efficient']]",gram2-opposite,1,2
37,"['possible', 'impossible']",0,"[['possibly', 'impossibly'], ['unfortunate', 'unpleasant'], ['pineapple', 'pineapples'], ['certain', 'responsible']]",gram2-opposite,2,0
38,"['rational', 'irrational']",1,"[['impossible', 'unethical'], ['reasonable', 'unreasonable'], ['productive', 'ethical'], ['dream', 'dreams']]",gram2-opposite,1,1
39,"['sure', 'unsure']",2,"[['uninformed', 'unconvincing'], ['informed', 'impressive'], ['tasteful', 'distasteful'], ['monkey', 'monkeys']]",gram2-opposite,3,2
40,"['decided', 'undecided']",2,"[['increasing', 'increased'], ['convenient', 'responsible'], ['efficient', 'inefficient'], ['unsure', 'unconvincing']]",gram2-opposite,2,1
41,"['likely', 'unlikely']",3,"[['sure', 'consistent'], ['unproductive', 'unconvincing'], ['enhance', 'enhances'], ['logical', 'illogical']]",gram2-opposite,3,3
42,"['possibly', 'impossibly']",1,"[['comfortable', 'rational'], ['productive', 'unproductive'], ['Spain', 'Spanish'], ['unreasonable', 'irrational']]",gram2-opposite,1,1
43,"['fortunate', 'unfortunate']",1,"[['impossible', 'unaware'], ['honest', 'dishonest'], ['comfortable', 'known'], ['invent', 'inventing']]",gram2-opposite,1,2
44,"['acceptable', 'unacceptable']",1,"[['tasteful', 'competitive'], ['aware', 'unaware'], ['rare', 'rarely'], ['unlikely', 'inconvenient']]",gram2-opposite,3,1
45,"['competitive', 'uncompetitive']",2,"[['Italy', 'Italian'], ['possible', 'acceptable'], ['consistent', 'inconsistent'], ['unlikely', 'distasteful']]",gram2-opposite,2,2
46,"['aware', 'unaware']",3,"[['reasonable', 'competitive'], ['unclear', 'inconvenient'], ['young', 'youngest'], ['certain', 'uncertain']]",gram2-opposite,3,3
47,"['known', 'unknown']",0,"[['likely', 'unlikely'], ['uncompetitive', 'unpleasant'], ['certain', 'fortunate'], ['swim', 'swims']]",gram2-opposite,3,0
48,"['pleasant', 'unpleasant']",3,"[['bright', 'brighter'], ['reasonable', 'aware'], ['unfortunate', 'irrational'], ['possible', 'impossible']]",gram2-opposite,0,1
49,"['reasonable', 'unreasonable']",3,"[['dishonest', 'unknown'], ['convincing', 'ethical'], ['color', 'colors'], ['responsible', 'irresponsible']]",gram2-opposite,2,3
50,"['informative', 'uninformative']",3,"[['pleasant', 'clear'], ['see', 'sees'], ['dishonest', 'irresponsible'], ['informed', 'uninformed']]",gram2-opposite,2,3
51,"['productive', 'unproductive']",0,"[['rational', 'irrational'], ['uncompetitive', 'unknown'], ['reasonable', 'impressive'], ['slow', 'slows']]",gram2-opposite,0,0
52,"['tasteful', 'distasteful']",3,"[['unfortunate', 'unconvincing'], ['work', 'works'], ['convincing', 'known'], ['acceptable', 'unacceptable']]",gram2-opposite,3,3
53,"['clear', 'unclear']",3,"[['unlikely', 'unethical'], ['bottle', 'bottles'], ['informed', 'rational'], ['comfortable', 'uncomfortable']]",gram2-opposite,1,3
54,"['logical', 'illogical']",1,"[['dishonest', 'unethical'], ['pleasant', 'unpleasant'], ['Spain', 'Spanish'], ['productive', 'responsible']]",gram2-opposite,0,1
55,"['certain', 'uncertain']",0,"[['clear', 'unclear'], ['finger', 'fingers'], ['unreasonable', 'unconvincing'], ['logical', 'consistent']]",gram2-opposite,1,0
56,"['convenient', 'inconvenient']",0,"[['decided', 'undecided'], ['uninformative', 'unpleasant'], ['productive', 'consistent'], ['usual', 'usually']]",gram2-opposite,1,1
57,"['impressive', 'unimpressive']",3,"[['spending', 'spent'], ['convincing', 'competitive'], ['unclear', 'unacceptable'], ['informative', 'uninformative']]",gram2-opposite,3,3
58,"['comfortable', 'uncomfortable']",2,"[['likely', 'acceptable'], ['uninformed', 'unethical'], ['competitive', 'uncompetitive'], ['rat', 'rats']]",gram2-opposite,3,2
59,"['ethical', 'unethical']",1,"[['uncertain', 'unpleasant'], ['fortunate', 'unfortunate'], ['knowing', 'knew'], ['sure', 'pleasant']]",gram2-opposite,1,2
60,"['responsible', 'irresponsible']",2,"[['possibly', 'fortunate'], ['uninformed', 'unaware'], ['sure', 'unsure'], ['decrease', 'decreases']]",gram2-opposite,3,2
61,"['Beirut', 'Lebanon']",3,"[['Nigeria', 'naira'], ['China', 'Gabon'], ['Tegucigalpa', 'Paramaribo'], ['Belgrade', 'Serbia']]",capital-world,3,3
62,"['Manama', 'Bahrain']",2,"[['Algeria', 'dinar'], ['Algeria', 'Kazakhstan'], ['Manila', 'Philippines'], ['Bamako', 'Caracas']]",capital-world,2,2
63,"['Paramaribo', 'Suriname']",2,"[['Bangkok', 'Amman'], ['Poland', 'zloty'], ['Paris', 'France'], ['Malawi', 'Honduras']]",capital-world,2,2
64,"['Libreville', 'Gabon']",3,"[['Russia', 'ruble'], ['Dublin', 'Gaborone'], ['Tunisia', 'Vietnam'], ['Lilongwe', 'Malawi']]",capital-world,3,3
65,"['Zagreb', 'Croatia']",3,"[['Kathmandu', 'Roseau'], ['Latvia', 'lats'], ['Romania', 'Sudan'], ['Abuja', 'Nigeria']]",capital-world,3,3
66,"['Banjul', 'Gambia']",2,"[['Iran', 'rial'], ['Rabat', 'Kampala'], ['Beijing', 'China'], ['Ireland', 'Ghana']]",capital-world,2,2
67,"['Khartoum', 'Sudan']",2,"[['Dublin', 'Riga'], ['Vietnam', 'dong'], ['Kiev', 'Ukraine'], ['Ecuador', 'Tajikistan']]",capital-world,2,2
68,"['Tripoli', 'Libya']",3,"[['Belgium', 'Switzerland'], ['man', 'woman'], ['Madrid', 'Skopje'], ['Tunis', 'Tunisia']]",capital-world,3,3
69,"['Algiers', 'Algeria']",0,"[['Amman', 'Jordan'], ['stepfather', 'stepmother'], ['Podgorica', 'Ottawa'], ['Turkmenistan', 'Morocco']]",capital-world,0,0
70,"['Kingston', 'Jamaica']",3,"[['Tallinn', 'Riga'], ['Canada', 'Honduras'], ['Latvia', 'lats'], ['Libreville', 'Gabon']]",capital-world,3,1
71,"['Montevideo', 'Uruguay']",1,"[['Serbia', 'Denmark'], ['Moscow', 'Russia'], ['Dhaka', 'Bratislava'], ['Japan', 'yen']]",capital-world,1,1
72,"['Doha', 'Qatar']",1,"[['Estonia', 'Switzerland'], ['Dublin', 'Ireland'], ['Brussels', 'Nairobi'], ['man', 'woman']]",capital-world,1,1
73,"['Abuja', 'Nigeria']",2,"[['Bucharest', 'Canberra'], ['Uzbekistan', 'Albania'], ['Accra', 'Ghana'], ['Argentina', 'peso']]",capital-world,2,2
74,"['Managua', 'Nicaragua']",3,"[['Tehran', 'Budapest'], ['Uganda', 'Somalia'], ['stepfather', 'stepmother'], ['Manama', 'Bahrain']]",capital-world,3,3
75,"['Sofia', 'Bulgaria']",3,"[['Iran', 'Slovakia'], ['Dushanbe', 'Canberra'], ['USA', 'dollar'], ['Stockholm', 'Sweden']]",capital-world,3,3
76,"['Harare', 'Zimbabwe']",0,"[['Havana', 'Cuba'], ['Portugal', 'Samoa'], ['brothers', 'sisters'], ['Tehran', 'Damascus']]",capital-world,0,0
77,"['Dublin', 'Ireland']",0,"[['Dushanbe', 'Tajikistan'], ['Mozambique', 'Qatar'], ['Romania', 'leu'], ['Ashgabat', 'Skopje']]",capital-world,0,0
78,"['Lusaka', 'Zambia']",3,"[['Botswana', 'Iraq'], ['Muscat', 'Budapest'], ['nephew', 'niece'], ['Madrid', 'Spain']]",capital-world,3,3
79,"['Muscat', 'Oman']",0,"[['Nairobi', 'Kenya'], ['father', 'mother'], ['Lilongwe', 'Lima'], ['China', 'Spain']]",capital-world,0,0
80,"['Vaduz', 'Liechtenstein']",1,"[['Tegucigalpa', 'Santiago'], ['Valletta', 'Malta'], ['Zimbabwe', 'Bangladesh'], ['policeman', 'policewoman']]",capital-world,1,1
81,"['Antananarivo', 'Madagascar']",0,"[['Apia', 'Samoa'], ['Laos', 'Bhutan'], ['Rome', 'Gaborone'], ['boy', 'girl']]",capital-world,0,0
82,"['Tirana', 'Albania']",0,"[['Tokyo', 'Japan'], ['Tegucigalpa', 'Paris'], ['Macedonia', 'Malta'], ['husband', 'wife']]",capital-world,0,0
83,"['Rabat', 'Morocco']",2,"[['Bucharest', 'Libreville'], ['Canada', 'dollar'], ['Riga', 'Latvia'], ['Afghanistan', 'Nigeria']]",capital-world,2,2
84,"['Chisinau', 'Moldova']",1,"[['brother', 'sister'], ['Conakry', 'Guinea'], ['Nouakchott', 'Georgetown'], ['Uzbekistan', 'Slovenia']]",capital-world,1,1
85,"['Dhaka', 'Bangladesh']",2,"[['Antananarivo', 'Ottawa'], ['brother', 'sister'], ['Doha', 'Qatar'], ['Iran', 'Thailand']]",capital-world,2,2
86,"['Gaborone', 'Botswana']",2,"[['Cairo', 'Bishkek'], ['son', 'daughter'], ['Georgetown', 'Guyana'], ['Georgia', 'Cuba']]",capital-world,2,2
87,"['Amman', 'Jordan']",3,"[['Tegucigalpa', 'Stockholm'], ['Turkmenistan', 'Vietnam'], ['Europe', 'euro'], ['Ankara', 'Turkey']]",capital-world,3,3
88,"['Vilnius', 'Lithuania']",1,"[['France', 'Fiji'], ['Warsaw', 'Poland'], ['Tehran', 'Banjul'], ['Croatia', 'kuna']]",capital-world,3,1
89,"['Tbilisi', 'Georgia']",1,"[['Asmara', 'Minsk'], ['Tegucigalpa', 'Honduras'], ['groom', 'bride'], ['Zambia', 'Vietnam']]",capital-world,1,1
90,"['Maputo', 'Mozambique']",2,"[['he', 'she'], ['Latvia', 'Armenia'], ['Minsk', 'Belarus'], ['Kingston', 'Thimphu']]",capital-world,2,2
91,"['Luanda', 'Angola']",1,"[['Cambodia', 'riel'], ['Lusaka', 'Zambia'], ['Kathmandu', 'Lisbon'], ['Belarus', 'Moldova']]",capital-world,1,1
92,"['Quito', 'Ecuador']",0,"[['Rabat', 'Morocco'], ['policeman', 'policewoman'], ['Liechtenstein', 'Albania'], ['Bangkok', 'Doha']]",capital-world,0,0
93,"['Ashgabat', 'Turkmenistan']",2,"[['nephew', 'niece'], ['Serbia', 'Switzerland'], ['Asmara', 'Eritrea'], ['Athens', 'Kigali']]",capital-world,2,2
94,"['Lima', 'Peru']",3,"[['Belgium', 'Moldova'], ['Islamabad', 'Doha'], ['groom', 'bride'], ['Lisbon', 'Portugal']]",capital-world,2,3
95,"['Vientiane', 'Laos']",3,"[['Egypt', 'Vietnam'], ['Tbilisi', 'Roseau'], ['grandson', 'granddaughter'], ['Vilnius', 'Lithuania']]",capital-world,3,3
96,"['Roseau', 'Dominica']",3,"[['Uzbekistan', 'Tajikistan'], ['Baghdad', 'Vienna'], ['husband', 'wife'], ['Santiago', 'Chile']]",capital-world,0,3
97,"['Minsk', 'Belarus']",1,"[['Ecuador', 'Indonesia'], ['Mogadishu', 'Somalia'], ['Brussels', 'Manila'], ['Europe', 'euro']]",capital-world,1,1
98,"['Ljubljana', 'Slovenia']",3,"[['Zagreb', 'Libreville'], ['India', 'rupee'], ['Malawi', 'Germany'], ['London', 'England']]",capital-world,1,3
99,"['Budapest', 'Hungary']",2,"[['husband', 'wife'], ['Turkey', 'Chile'], ['Bujumbura', 'Burundi'], ['Cairo', 'Minsk']]",capital-world,2,2
100,"['Copenhagen', 'Denmark']",2,"[['Suva', 'Taipei'], ['stepson', 'stepdaughter'], ['Dakar', 'Senegal'], ['Belgium', 'Taiwan']]",capital-world,2,2
101,"['Valletta', 'Malta']",0,"[['Vienna', 'Austria'], ['groom', 'bride'], ['Bahrain', 'Gabon'], ['Muscat', 'Warsaw']]",capital-world,1,0
102,"['Apia', 'Samoa']",3,"[['Bahrain', 'Italy'], ['Monrovia', 'Budapest'], ['Armenia', 'dram'], ['Ashgabat', 'Turkmenistan']]",capital-world,3,3
103,"['Monrovia', 'Liberia']",0,"[['Montevideo', 'Uruguay'], ['Japan', 'yen'], ['Muscat', 'Tashkent'], ['Lithuania', 'Syria']]",capital-world,0,0
104,"['Suva', 'Fiji']",0,"[['Taipei', 'Taiwan'], ['Kabul', 'Warsaw'], ['son', 'daughter'], ['Iran', 'Germany']]",capital-world,0,0
105,"['Kigali', 'Rwanda']",0,"[['Kingston', 'Jamaica'], ['Uzbekistan', 'Poland'], ['Romania', 'leu'], ['Helsinki', 'Havana']]",capital-world,0,0
106,"['Nouakchott', 'Mauritania']",0,"[['Nuuk', 'Greenland'], ['Australia', 'Morocco'], ['Hanoi', 'Warsaw'], ['stepfather', 'stepmother']]",capital-world,0,0
107,"['Podgorica', 'Montenegro']",1,"[['Denmark', 'krone'], ['Quito', 'Ecuador'], ['Helsinki', 'Nicosia'], ['Libya', 'Mali']]",capital-world,1,1
108,"['Belgrade', 'Serbia']",0,"[['Belmopan', 'Belize'], ['Namibia', 'Malta'], ['Madrid', 'Astana'], ['boy', 'girl']]",capital-world,0,0
109,"['Funafuti', 'Tuvalu']",3,"[['Mexico', 'peso'], ['Greenland', 'Madagascar'], ['Nouakchott', 'Windhoek'], ['Gaborone', 'Botswana']]",capital-world,3,3
110,"['Santiago', 'Chile']",1,"[['Baghdad', 'Roseau'], ['Skopje', 'Macedonia'], ['Finland', 'Vietnam'], ['Hungary', 'forint']]",capital-world,1,1
111,"['Jakarta', 'Indonesia']",0,"[['Kabul', 'Afghanistan'], ['Dominica', 'Denmark'], ['policeman', 'policewoman'], ['Niamey', 'Nuuk']]",capital-world,0,0
112,"['Tallinn', 'Estonia']",1,"[['Rwanda', 'Bangladesh'], ['Tashkent', 'Uzbekistan'], ['policeman', 'policewoman'], ['Zagreb', 'Manila']]",capital-world,1,1
113,"['Bratislava', 'Slovakia']",2,"[['boy', 'girl'], ['Uruguay', 'Russia'], ['Brussels', 'Belgium'], ['Bucharest', 'Budapest']]",capital-world,2,2
114,"['Bujumbura', 'Burundi']",3,"[['Conakry', 'Kiev'], ['Macedonia', 'denar'], ['Peru', 'Samoa'], ['Cairo', 'Egypt']]",capital-world,1,3
115,"['Niamey', 'Niger']",1,"[['Funafuti', 'Moscow'], ['Nicosia', 'Cyprus'], ['sons', 'daughters'], ['Norway', 'Bhutan']]",capital-world,1,1
116,"['Accra', 'Ghana']",1,"[['policeman', 'policewoman'], ['Algiers', 'Algeria'], ['Madrid', 'Banjul'], ['Guyana', 'Switzerland']]",capital-world,1,1
117,"['Kiev', 'Ukraine']",2,"[['Luanda', 'Windhoek'], ['policeman', 'policewoman'], ['Kigali', 'Rwanda'], ['Latvia', 'Jordan']]",capital-world,2,2
118,"['Ankara', 'Turkey']",3,"[['Beijing', 'Thimphu'], ['grandson', 'granddaughter'], ['Latvia', 'Italy'], ['Antananarivo', 'Madagascar']]",capital-world,3,3
119,"['Skopje', 'Macedonia']",0,"[['Sofia', 'Bulgaria'], ['Macedonia', 'denar'], ['Algeria', 'Moldova'], ['Helsinki', 'Bratislava']]",capital-world,0,0
120,"['Conakry', 'Guinea']",2,"[['Afghanistan', 'Russia'], ['Cambodia', 'riel'], ['Copenhagen', 'Denmark'], ['Vientiane', 'Riga']]",capital-world,2,2
121,"['Bamako', 'Mali']",0,"[['Bangkok', 'Thailand'], ['Suva', 'Kigali'], ['Japan', 'Eritrea'], ['Europe', 'euro']]",capital-world,0,0
122,"['Dushanbe', 'Tajikistan']",1,"[['Canada', 'Venezuela'], ['Funafuti', 'Tuvalu'], ['he', 'she'], ['Oslo', 'Bishkek']]",capital-world,1,1
123,"['Bucharest', 'Romania']",3,"[['grandpa', 'grandma'], ['Bangkok', 'Lima'], ['Philippines', 'Qatar'], ['Budapest', 'Hungary']]",capital-world,0,3
124,"['Tegucigalpa', 'Honduras']",3,"[['Khartoum', 'Thimphu'], ['Latvia', 'Suriname'], ['Canada', 'dollar'], ['Tehran', 'Iran']]",capital-world,3,3
125,"['Georgetown', 'Guyana']",3,"[['Lusaka', 'Jakarta'], ['Greenland', 'Samoa'], ['father', 'mother'], ['Hanoi', 'Vietnam']]",capital-world,3,3
126,"['Kathmandu', 'Nepal']",3,"[['Antananarivo', 'Abuja'], ['Rwanda', 'Albania'], ['groom', 'bride'], ['Khartoum', 'Sudan']]",capital-world,3,3
127,"['Taipei', 'Taiwan']",1,"[['grandfather', 'grandmother'], ['Tallinn', 'Estonia'], ['Suva', 'Santiago'], ['Uzbekistan', 'Suriname']]",capital-world,1,1
128,"['Lilongwe', 'Malawi']",3,"[['Oslo', 'Canberra'], ['Zambia', 'Liberia'], ['Sweden', 'krona'], ['Lima', 'Peru']]",capital-world,3,3
129,"['Astana', 'Kazakhstan']",1,"[['Hungary', 'Armenia'], ['Athens', 'Greece'], ['Vietnam', 'dong'], ['Funafuti', 'Lisbon']]",capital-world,1,1
130,"['Damascus', 'Syria']",0,"[['Dhaka', 'Bangladesh'], ['his', 'her'], ['Romania', 'Jordan'], ['Helsinki', 'Mogadishu']]",capital-world,0,0
131,"['Thimphu', 'Bhutan']",2,"[['Tegucigalpa', 'Belgrade'], ['Norway', 'Tajikistan'], ['Tirana', 'Albania'], ['prince', 'princess']]",capital-world,2,2
132,"['Nairobi', 'Kenya']",0,"[['Nassau', 'Bahamas'], ['boy', 'girl'], ['Athens', 'Windhoek'], ['Afghanistan', 'Ghana']]",capital-world,0,0
133,"['Nuuk', 'Greenland']",1,"[['Bucharest', 'Nicosia'], ['Oslo', 'Norway'], ['Greece', 'Cyprus'], ['Mexico', 'peso']]",capital-world,1,1
134,"['Warsaw', 'Poland']",3,"[['his', 'her'], ['Beijing', 'Belgrade'], ['Angola', 'Switzerland'], ['Windhoek', 'Namibia']]",capital-world,3,3
135,"['Bishkek', 'Kyrgyzstan']",3,"[['Valletta', 'Apia'], ['Japan', 'Syria'], ['dad', 'mom'], ['Bratislava', 'Slovakia']]",capital-world,3,3
136,"['Asmara', 'Eritrea']",2,"[['Australia', 'Belgium'], ['Korea', 'won'], ['Astana', 'Kazakhstan'], ['Ashgabat', 'Bujumbura']]",capital-world,2,2
137,"['Dakar', 'Senegal']",3,"[['Algeria', 'dinar'], ['Finland', 'Germany'], ['Harare', 'Yerevan'], ['Damascus', 'Syria']]",capital-world,3,3
138,"['Tashkent', 'Uzbekistan']",2,"[['son', 'daughter'], ['Senegal', 'Albania'], ['Tbilisi', 'Georgia'], ['Vaduz', 'Yerevan']]",capital-world,2,2
139,"['Brussels', 'Belgium']",0,"[['Bucharest', 'Romania'], ['king', 'queen'], ['Egypt', 'Russia'], ['Tripoli', 'Doha']]",capital-world,0,0
140,"['Yerevan', 'Armenia']",1,"[['Azerbaijan', 'Denmark'], ['Zagreb', 'Croatia'], ['Dushanbe', 'Tunis'], ['boy', 'girl']]",capital-world,1,1
141,"['Windhoek', 'Namibia']",1,"[['Hungary', 'forint'], ['Yerevan', 'Armenia'], ['Niger', 'Spain'], ['Lusaka', 'Tokyo']]",capital-world,1,1
142,"['Nassau', 'Bahamas']",1,"[['Uruguay', 'Taiwan'], ['Niamey', 'Niger'], ['Nigeria', 'naira'], ['Vaduz', 'Skopje']]",capital-world,1,1
143,"['Kampala', 'Uganda']",2,"[['Denmark', 'Burundi'], ['brothers', 'sisters'], ['Kathmandu', 'Nepal'], ['Khartoum', 'Managua']]",capital-world,2,2
144,"['Nicosia', 'Cyprus']",0,"[['Nouakchott', 'Mauritania'], ['Latvia', 'lats'], ['Podgorica', 'Kampala'], ['Belgium', 'Syria']]",capital-world,0,0
145,"['warm', 'warmest']",1,"[['lowest', 'biggest'], ['weak', 'weakest'], ['increasing', 'increased'], ['large', 'smart']]",gram4-superlative,1,1
146,"['short', 'shortest']",1,"[['highest', 'warmest'], ['slow', 'slowest'], ['low', 'wide'], ['predict', 'predicts']]",gram4-superlative,1,1
147,"['bright', 'brightest']",2,"[['clear', 'unclear'], ['oldest', 'weakest'], ['cold', 'coldest'], ['warm', 'wide']]",gram4-superlative,2,2
148,"['cool', 'coolest']",2,"[['tastiest', 'warmest'], ['saying', 'said'], ['dark', 'darkest'], ['young', 'high']]",gram4-superlative,2,2
149,"['low', 'lowest']",3,"[['swift', 'swiftly'], ['young', 'quick'], ['strangest', 'darkest'], ['lucky', 'luckiest']]",gram4-superlative,3,3
150,"['small', 'smallest']",3,"[['old', 'short'], ['saying', 'said'], ['coolest', 'biggest'], ['smart', 'smartest']]",gram4-superlative,3,3
151,"['smart', 'smartest']",0,"[['strange', 'strangest'], ['sharpest', 'youngest'], ['fast', 'quick'], ['impressive', 'unimpressive']]",gram4-superlative,0,0
152,"['dark', 'darkest']",0,"[['easy', 'easiest'], ['tall', 'weird'], ['strangest', 'worst'], ['swimming', 'swam']]",gram4-superlative,3,0
153,"['simple', 'simplest']",0,"[['short', 'shortest'], ['young', 'easy'], ['selling', 'sold'], ['fastest', 'easiest']]",gram4-superlative,3,0
154,"['fast', 'fastest']",0,"[['good', 'best'], ['warm', 'great'], ['sure', 'unsure'], ['weirdest', 'darkest']]",gram4-superlative,2,0
155,"['hot', 'hottest']",3,"[['strangest', 'sweetest'], ['good', 'simple'], ['France', 'French'], ['large', 'largest']]",gram4-superlative,2,3
156,"['quick', 'quickest']",2,"[['good', 'strange'], ['weirdest', 'weakest'], ['sharp', 'sharpest'], ['comfortable', 'uncomfortable']]",gram4-superlative,2,2
157,"['cold', 'coldest']",2,"[['smartest', 'highest'], ['tasteful', 'distasteful'], ['cool', 'coolest'], ['sharp', 'strange']]",gram4-superlative,2,2
158,"['high', 'highest']",3,"[['big', 'smart'], ['rare', 'rarely'], ['simplest', 'weakest'], ['hot', 'hottest']]",gram4-superlative,3,3
159,"['strange', 'strangest']",0,"[['strong', 'strongest'], ['large', 'tasty'], ['playing', 'played'], ['widest', 'quickest']]",gram4-superlative,2,0
160,"['long', 'longest']",1,"[['bad', 'easy'], ['low', 'lowest'], ['widest', 'warmest'], ['rapid', 'rapidly']]",gram4-superlative,1,1
161,"['tasty', 'tastiest']",3,"[['dollar', 'dollars'], ['long', 'hot'], ['strangest', 'weakest'], ['warm', 'warmest']]",gram4-superlative,3,3
162,"['slow', 'slowest']",0,"[['small', 'smallest'], ['large', 'sweet'], ['weirdest', 'warmest'], ['elephant', 'elephants']]",gram4-superlative,3,0
163,"['old', 'oldest']",3,"[['bright', 'short'], ['sharpest', 'largest'], ['pig', 'pigs'], ['quick', 'quickest']]",gram4-superlative,2,3
164,"['young', 'youngest']",0,"[['bad', 'worst'], ['mouse', 'mice'], ['oldest', 'quickest'], ['sharp', 'tasty']]",gram4-superlative,1,0
165,"['tall', 'tallest']",3,"[['sit', 'sits'], ['fastest', 'quickest'], ['fast', 'strange'], ['tasty', 'tastiest']]",gram4-superlative,1,3
166,"['weak', 'weakest']",1,"[['simplest', 'sweetest'], ['weird', 'weirdest'], ['warm', 'wide'], ['rapid', 'rapidly']]",gram4-superlative,0,1
167,"['great', 'greatest']",3,"[['possible', 'impossible'], ['cool', 'simple'], ['hottest', 'longest'], ['high', 'highest']]",gram4-superlative,0,3
168,"['bad', 'worst']",3,"[['tall', 'hot'], ['widest', 'strongest'], ['sharp', 'sharper'], ['big', 'biggest']]",gram4-superlative,2,3
169,"['wide', 'widest']",0,"[['young', 'youngest'], ['cheap', 'cheaper'], ['bright', 'high'], ['coldest', 'sweetest']]",gram4-superlative,1,0
170,"['lucky', 'luckiest']",1,"[['debug', 'debugging'], ['old', 'oldest'], ['simplest', 'easiest'], ['young', 'weird']]",gram4-superlative,0,1
171,"['large', 'largest']",0,"[['long', 'longest'], ['big', 'strange'], ['slowest', 'biggest'], ['occasional', 'occasionally']]",gram4-superlative,0,0
172,"['easy', 'easiest']",0,"[['fast', 'fastest'], ['bright', 'sweet'], ['apparent', 'apparently'], ['oldest', 'luckiest']]",gram4-superlative,0,0
173,"['weird', 'weirdest']",3,"[['long', 'sweet'], ['hot', 'hotter'], ['lowest', 'sweetest'], ['wide', 'widest']]",gram4-superlative,3,3
174,"['sweet', 'sweetest']",2,"[['bad', 'high'], ['coldest', 'darkest'], ['tall', 'tallest'], ['long', 'longer']]",gram4-superlative,2,2
175,"['big', 'biggest']",3,"[['strangest', 'greatest'], ['dark', 'cold'], ['melon', 'melons'], ['bright', 'brightest']]",gram4-superlative,2,3
176,"['implementing', 'implemented']",1,"[['spent', 'enhanced'], ['increasing', 'increased'], ['consistent', 'inconsistent'], ['describing', 'thinking']]",gram7-past-tense,2,1
177,"['listening', 'listened']",0,"[['looking', 'looked'], ['old', 'older'], ['slowed', 'hit'], ['increasing', 'sitting']]",gram7-past-tense,0,0
178,"['hitting', 'hit']",2,"[['took', 'walked'], ['generating', 'playing'], ['implementing', 'implemented'], ['new', 'newer']]",gram7-past-tense,2,2
179,"['describing', 'described']",3,"[['Chile', 'Chilean'], ['implementing', 'spending'], ['said', 'struck'], ['enhancing', 'enhanced']]",gram7-past-tense,0,3
180,"['dancing', 'danced']",3,"[['usual', 'usually'], ['hitting', 'predicting'], ['slowed', 'flew'], ['decreasing', 'decreased']]",gram7-past-tense,3,3
181,"['hiding', 'hid']",1,"[['increasing', 'predicting'], ['hitting', 'hit'], ['walked', 'predicted'], ['China', 'Chinese']]",gram7-past-tense,3,1
182,"['singing', 'sang']",0,"[['sitting', 'sat'], ['weird', 'weirdest'], ['generating', 'shrinking'], ['decreased', 'looked']]",gram7-past-tense,0,0
183,"['sleeping', 'slept']",2,"[['read', 'shrank'], ['road', 'roads'], ['slowing', 'slowed'], ['vanishing', 'looking']]",gram7-past-tense,2,2
184,"['screaming', 'screamed']",3,"[['knowing', 'singing'], ['fed', 'wrote'], ['bad', 'worst'], ['seeing', 'saw']]",gram7-past-tense,2,3
185,"['sitting', 'sat']",1,"[['paid', 'predicted'], ['sleeping', 'slept'], ['informative', 'uninformative'], ['reading', 'striking']]",gram7-past-tense,2,1
186,"['feeding', 'fed']",3,"[['looked', 'wrote'], ['describing', 'screaming'], ['run', 'running'], ['flying', 'flew']]",gram7-past-tense,3,3
187,"['flying', 'flew']",0,"[['generating', 'generated'], ['walk', 'walking'], ['fed', 'played'], ['hitting', 'predicting']]",gram7-past-tense,1,0
188,"['walking', 'walked']",0,"[['writing', 'wrote'], ['hitting', 'dancing'], ['thought', 'sang'], ['dark', 'darkest']]",gram7-past-tense,3,0
189,"['vanishing', 'vanished']",2,"[['immediate', 'immediately'], ['sold', 'slept'], ['walking', 'walked'], ['knowing', 'increasing']]",gram7-past-tense,2,2
190,"['enhancing', 'enhanced']",3,"[['implementing', 'seeing'], ['spent', 'ran'], ['free', 'freely'], ['falling', 'fell']]",gram7-past-tense,2,1
191,"['falling', 'fell']",0,"[['feeding', 'fed'], ['paying', 'flying'], ['sit', 'sits'], ['took', 'slept']]",gram7-past-tense,0,0
192,"['playing', 'played']",1,"[['reading', 'flying'], ['predicting', 'predicted'], ['strong', 'strongest'], ['slowed', 'wrote']]",gram7-past-tense,1,1
193,"['jumping', 'jumped']",2,"[['read', 'hid'], ['reading', 'thinking'], ['knowing', 'knew'], ['wide', 'widest']]",gram7-past-tense,3,2
194,"['reading', 'read']",0,"[['running', 'ran'], ['vanished', 'played'], ['writing', 'thinking'], ['bright', 'brighter']]",gram7-past-tense,3,0
195,"['swimming', 'swam']",2,"[['spent', 'enhanced'], ['bright', 'brightest'], ['taking', 'took'], ['increasing', 'flying']]",gram7-past-tense,1,2
196,"['taking', 'took']",0,"[['thinking', 'thought'], ['sleeping', 'swimming'], ['quick', 'quicker'], ['read', 'jumped']]",gram7-past-tense,2,0
197,"['thinking', 'thought']",0,"[['vanishing', 'vanished'], ['paying', 'flying'], ['knew', 'enhanced'], ['cloud', 'clouds']]",gram7-past-tense,3,0
198,"['paying', 'paid']",2,"[['knowing', 'hiding'], ['walked', 'saw'], ['playing', 'played'], ['warm', 'warmer']]",gram7-past-tense,3,2
199,"['saying', 'said']",0,"[['screaming', 'screamed'], ['slowed', 'described'], ['apparent', 'apparently'], ['moving', 'hiding']]",gram7-past-tense,0,0
200,"['knowing', 'knew']",1,"[['Poland', 'Polish'], ['listening', 'listened'], ['took', 'saw'], ['implementing', 'shrinking']]",gram7-past-tense,0,1
201,"['decreasing', 'decreased']",1,"[['listening', 'feeding'], ['describing', 'described'], ['took', 'enhanced'], ['sing', 'sings']]",gram7-past-tense,3,1
202,"['moving', 'moved']",3,"[['India', 'Indian'], ['read', 'ran'], ['knowing', 'striking'], ['paying', 'paid']]",gram7-past-tense,0,3
203,"['shrinking', 'shrank']",1,"[['amazing', 'amazingly'], ['singing', 'sang'], ['took', 'jumped'], ['sleeping', 'predicting']]",gram7-past-tense,1,1
204,"['striking', 'struck']",3,"[['thought', 'walked'], ['jumping', 'increasing'], ['write', 'writes'], ['swimming', 'swam']]",gram7-past-tense,3,3
205,"['seeing', 'saw']",1,"[['sleeping', 'striking'], ['selling', 'sold'], ['usual', 'usually'], ['decreased', 'described']]",gram7-past-tense,1,1
206,"['predicting', 'predicted']",2,"[['jumping', 'increasing'], ['dollar', 'dollars'], ['reading', 'read'], ['fell', 'looked']]",gram7-past-tense,1,2
207,"['writing', 'wrote']",0,"[['dancing', 'danced'], ['hitting', 'swimming'], ['free', 'freely'], ['thought', 'ran']]",gram7-past-tense,0,0
208,"['increasing', 'increased']",1,"[['moved', 'shrank'], ['jumping', 'jumped'], ['eye', 'eyes'], ['knowing', 'enhancing']]",gram7-past-tense,1,1
209,"['running', 'ran']",2,"[['sing', 'sings'], ['thought', 'slept'], ['saying', 'said'], ['going', 'singing']]",gram7-past-tense,0,2
210,"['generating', 'generated']",2,"[['implementing', 'playing'], ['France', 'French'], ['going', 'went'], ['fed', 'sang']]",gram7-past-tense,1,2
211,"['selling', 'sold']",2,"[['decreasing', 'swimming'], ['hard', 'harder'], ['shrinking', 'shrank'], ['slowed', 'hid']]",gram7-past-tense,1,2
212,"['stepson', 'stepdaughter']",2,"[['Mogadishu', 'Somalia'], ['prince', 'stepfather'], ['uncle', 'aunt'], ['wife', 'mother']]",family,0,2
213,"['father', 'mother']",1,"[['Oslo', 'Norway'], ['grandfather', 'grandmother'], ['he', 'husband'], ['she', 'daughters']]",family,0,1
214,"['his', 'her']",3,"[['grandma', 'queen'], ['nephew', 'nephew'], ['Nigeria', 'naira'], ['husband', 'wife']]",family,2,0
215,"['stepbrother', 'stepsister']",0,"[['stepfather', 'stepmother'], ['Quito', 'Ecuador'], ['father', 'stepson'], ['bride', 'aunt']]",family,1,0
216,"['grandfather', 'grandmother']",1,"[['stepdaughter', 'aunt'], ['grandpa', 'grandma'], ['grandson', 'grandson'], ['Sweden', 'krona']]",family,1,1
217,"['nephew', 'niece']",2,"[['stepbrother', 'husband'], ['stepdaughter', 'mother'], ['policeman', 'policewoman'], ['Hanoi', 'Vietnam']]",family,3,2
218,"['uncle', 'aunt']",3,"[['Anchorage', 'Alaska'], ['father', 'stepfather'], ['grandmother', 'daughter'], ['boy', 'girl']]",family,0,3
219,"['grandson', 'granddaughter']",0,"[['groom', 'bride'], ['India', 'rupee'], ['wife', 'daughter'], ['policeman', 'son']]",family,0,0
220,"['he', 'she']",2,"[['bride', 'mother'], ['Madrid', 'Spain'], ['his', 'her'], ['grandpa', 'groom']]",family,1,2
221,"['brothers', 'sisters']",0,"[['dad', 'mom'], ['Iran', 'rial'], ['niece', 'her'], ['uncle', 'husband']]",family,0,0
222,"['stepfather', 'stepmother']",3,"[['stepbrother', 'dad'], ['wife', 'policewoman'], ['Garland', 'Texas'], ['stepson', 'stepdaughter']]",family,3,3
223,"['grandpa', 'grandma']",0,"[['grandson', 'granddaughter'], ['policeman', 'king'], ['she', 'daughter'], ['Rome', 'Italy']]",family,0,0
224,"['man', 'woman']",0,"[['nephew', 'niece'], ['Kabul', 'Afghanistan'], ['he', 'his'], ['stepmother', 'daughters']]",family,1,0
225,"['prince', 'princess']",3,"[['boy', 'brothers'], ['Denmark', 'krone'], ['sister', 'aunt'], ['son', 'daughter']]",family,1,3
226,"['policeman', 'policewoman']",2,"[['Ukraine', 'hryvnia'], ['father', 'king'], ['prince', 'princess'], ['she', 'mother']]",family,0,2
227,"['husband', 'wife']",2,"[['Lilongwe', 'Malawi'], ['woman', 'princess'], ['king', 'queen'], ['nephew', 'his']]",family,0,1
228,"['groom', 'bride']",0,"[['he', 'she'], ['Indianapolis', 'Indiana'], ['niece', 'granddaughter'], ['boy', 'king']]",family,1,0
229,"['king', 'queen']",0,"[['man', 'woman'], ['prince', 'husband'], ['stepmother', 'princess'], ['Tripoli', 'Libya']]",family,3,0
230,"['boy', 'girl']",3,"[['nephew', 'stepfather'], ['Tallinn', 'Estonia'], ['stepmother', 'daughter'], ['brother', 'sister']]",family,1,3
231,"['brother', 'sister']",3,"[['Tunis', 'Tunisia'], ['stepsister', 'granddaughter'], ['uncle', 'groom'], ['brothers', 'sisters']]",family,0,3
232,"['sons', 'daughters']",1,"[['sister', 'granddaughter'], ['stepbrother', 'stepsister'], ['father', 'brother'], ['Jacksonville', 'Florida']]",family,1,1
233,"['Belarus', 'Belorussian']",3,"[['singing', 'sang'], ['Moldova', 'Israel'], ['Macedonian', 'Polish'], ['Brazil', 'Brazilian']]",gram6-nationality-adjective,3,3
234,"['Mexico', 'Mexican']",2,"[['Poland', 'Spain'], ['implement', 'implementing'], ['Moldova', 'Moldovan'], ['Macedonian', 'Thai']]",gram6-nationality-adjective,2,2
235,"['Poland', 'Polish']",2,"[['Moldovan', 'Thai'], ['playing', 'played'], ['Portugal', 'Portuguese'], ['Peru', 'Colombia']]",gram6-nationality-adjective,3,2
236,"['Italy', 'Italian']",2,"[['France', 'Netherlands'], ['Swedish', 'Danish'], ['Japan', 'Japanese'], ['melon', 'melons']]",gram6-nationality-adjective,3,2
237,"['Chile', 'Chilean']",1,"[['easy', 'easier'], ['China', 'Chinese'], ['Austrian', 'Peruvian'], ['Italy', 'Spain']]",gram6-nationality-adjective,3,1
238,"['Argentina', 'Argentinean']",2,"[['talk', 'talks'], ['Iceland', 'Chile'], ['Australia', 'Australian'], ['Spanish', 'Chinese']]",gram6-nationality-adjective,2,2
239,"['India', 'Indian']",0,"[['Ireland', 'Irish'], ['Chilean', 'Danish'], ['seeing', 'saw'], ['Poland', 'Israel']]",gram6-nationality-adjective,0,0
240,"['Ireland', 'Irish']",1,"[['play', 'plays'], ['Israel', 'Israeli'], ['Bulgaria', 'Austria'], ['Macedonian', 'Maltese']]",gram6-nationality-adjective,1,1
241,"['Egypt', 'Egyptian']",3,"[['Portugal', 'Korea'], ['generate', 'generating'], ['Swedish', 'Polish'], ['England', 'English']]",gram6-nationality-adjective,1,3
242,"['Switzerland', 'Swiss']",0,"[['Thailand', 'Thai'], ['Macedonia', 'China'], ['swim', 'swimming'], ['Icelandic', 'Croatian']]",gram6-nationality-adjective,0,0
243,"['Russia', 'Russian']",1,"[['Chilean', 'Dutch'], ['Slovakia', 'Slovakian'], ['paying', 'paid'], ['Norway', 'Malta']]",gram6-nationality-adjective,1,1
244,"['Australia', 'Australian']",3,"[['increase', 'increases'], ['Moldovan', 'French'], ['Slovakia', 'Moldova'], ['Austria', 'Austrian']]",gram6-nationality-adjective,3,3
245,"['Croatia', 'Croatian']",3,"[['England', 'Switzerland'], ['logical', 'illogical'], ['Icelandic', 'English'], ['Denmark', 'Danish']]",gram6-nationality-adjective,1,3
246,"['Cambodia', 'Cambodian']",2,"[['England', 'India'], ['Macedonian', 'Polish'], ['Chile', 'Chilean'], ['predict', 'predicts']]",gram6-nationality-adjective,2,2
247,"['Greece', 'Greek']",0,"[['Iceland', 'Icelandic'], ['think', 'thinking'], ['Moldova', 'Japan'], ['Macedonian', 'Irish']]",gram6-nationality-adjective,0,0
248,"['Korea', 'Korean']",3,"[['Portuguese', 'Thai'], ['old', 'older'], ['Poland', 'Netherlands'], ['Macedonia', 'Macedonian']]",gram6-nationality-adjective,3,3
249,"['Colombia', 'Colombian']",0,"[['Croatia', 'Croatian'], ['Portuguese', 'Cambodian'], ['jumping', 'jumped'], ['England', 'Ukraine']]",gram6-nationality-adjective,0,0
250,"['Ukraine', 'Ukrainian']",0,"[['Albania', 'Albanian'], ['typical', 'typically'], ['Spanish', 'Swiss'], ['Norway', 'Croatia']]",gram6-nationality-adjective,0,0
251,"['Norway', 'Norwegian']",0,"[['Peru', 'Peruvian'], ['onion', 'onions'], ['France', 'Netherlands'], ['Argentinean', 'Australian']]",gram6-nationality-adjective,1,0
252,"['Portugal', 'Portuguese']",2,"[['Australia', 'Egypt'], ['Spanish', 'Peruvian'], ['Russia', 'Russian'], ['describe', 'describing']]",gram6-nationality-adjective,2,2
253,"['France', 'French']",0,"[['Germany', 'German'], ['mango', 'mangoes'], ['England', 'Albania'], ['Belorussian', 'Brazilian']]",gram6-nationality-adjective,1,0
254,"['England', 'English']",1,"[['Ukrainian', 'Chinese'], ['France', 'French'], ['selling', 'sold'], ['Poland', 'Sweden']]",gram6-nationality-adjective,3,1
255,"['Israel', 'Israeli']",3,"[['Moldova', 'Moldova'], ['eagle', 'eagles'], ['Portuguese', 'Irish'], ['Italy', 'Italian']]",gram6-nationality-adjective,1,3
256,"['Moldova', 'Moldovan']",3,"[['known', 'unknown'], ['Portuguese', 'Slovakian'], ['Cambodia', 'Albania'], ['Netherlands', 'Dutch']]",gram6-nationality-adjective,1,3
257,"['Albania', 'Albanian']",0,"[['Argentina', 'Argentinean'], ['smart', 'smarter'], ['Bulgarian', 'Cambodian'], ['Cambodia', 'Ukraine']]",gram6-nationality-adjective,1,0
258,"['Bulgaria', 'Bulgarian']",1,"[['Spanish', 'Colombian'], ['Cambodia', 'Cambodian'], ['Macedonia', 'Chile'], ['competitive', 'uncompetitive']]",gram6-nationality-adjective,1,1
259,"['China', 'Chinese']",0,"[['Colombia', 'Colombian'], ['high', 'highest'], ['Macedonia', 'Ireland'], ['Japanese', 'French']]",gram6-nationality-adjective,0,0
260,"['Germany', 'German']",1,"[['read', 'reading'], ['Greece', 'Greek'], ['Albanian', 'Croatian'], ['Ireland', 'Netherlands']]",gram6-nationality-adjective,1,1
261,"['Slovakia', 'Slovakian']",1,"[['tough', 'tougher'], ['Spain', 'Spanish'], ['Iceland', 'Albania'], ['Argentinean', 'Swiss']]",gram6-nationality-adjective,0,1
262,"['Spain', 'Spanish']",2,"[['Belarus', 'Egypt'], ['Argentinean', 'German'], ['Sweden', 'Swedish'], ['playing', 'played']]",gram6-nationality-adjective,2,2
263,"['Malta', 'Maltese']",3,"[['Greek', 'Chinese'], ['bright', 'brighter'], ['Bulgaria', 'Egypt'], ['Mexico', 'Mexican']]",gram6-nationality-adjective,3,3
264,"['Thailand', 'Thai']",1,"[['Bulgarian', 'Cambodian'], ['Ukraine', 'Ukrainian'], ['Italy', 'Egypt'], ['logical', 'illogical']]",gram6-nationality-adjective,3,1
265,"['Iceland', 'Icelandic']",2,"[['go', 'going'], ['Russian', 'Thai'], ['India', 'Indian'], ['Cambodia', 'Israel']]",gram6-nationality-adjective,2,2
266,"['Austria', 'Austrian']",3,"[['Moldova', 'Greece'], ['read', 'reading'], ['Norwegian', 'Brazilian'], ['Belarus', 'Belorussian']]",gram6-nationality-adjective,3,3
267,"['Sweden', 'Swedish']",2,"[['Thailand', 'Colombia'], ['Norwegian', 'Dutch'], ['Switzerland', 'Swiss'], ['comfortable', 'uncomfortable']]",gram6-nationality-adjective,2,2
268,"['Peru', 'Peruvian']",1,"[['sit', 'sitting'], ['Poland', 'Polish'], ['Austrian', 'Indian'], ['England', 'Brazil']]",gram6-nationality-adjective,1,1
269,"['Netherlands', 'Dutch']",1,"[['Cambodia', 'Japan'], ['Norway', 'Norwegian'], ['hard', 'harder'], ['Albanian', 'English']]",gram6-nationality-adjective,1,1
270,"['Chicago', 'Illinois']",0,"[['Houston', 'Texas'], ['Louisiana', 'Tennessee'], ['Sweden', 'krona'], ['Mesa', 'Plano']]",city-in-state,0,0
271,"['Pittsburgh', 'Pennsylvania']",0,"[['Lexington', 'Kentucky'], ['Tulsa', 'Miami'], ['Colorado', 'California'], ['sons', 'daughters']]",city-in-state,0,0
272,"['Madison', 'Wisconsin']",1,"[['king', 'queen'], ['Lubbock', 'Texas'], ['Denver', 'Irving'], ['Colorado', 'Indiana']]",city-in-state,1,1
273,"['Philadelphia', 'Pennsylvania']",3,"[['Angola', 'kwanza'], ['Baltimore', 'Madison'], ['Kentucky', 'Oregon'], ['Phoenix', 'Arizona']]",city-in-state,3,3
274,"['Glendale', 'Arizona']",2,"[['Argentina', 'peso'], ['Ohio', 'Nevada'], ['Hialeah', 'Florida'], ['Tallahassee', 'Garland']]",city-in-state,2,2
275,"['Cleveland', 'Ohio']",1,"[['Florida', 'Pennsylvania'], ['Minneapolis', 'Minnesota'], ['India', 'rupee'], ['Baltimore', 'Cincinnati']]",city-in-state,1,1
276,"['Tacoma', 'Washington']",2,"[['Sweden', 'krona'], ['Michigan', 'Indiana'], ['Oxnard', 'California'], ['Fremont', 'Bakersfield']]",city-in-state,2,2
277,"['Jacksonville', 'Florida']",1,"[['Alaska', 'California'], ['Indianapolis', 'Indiana'], ['Macedonia', 'denar'], ['Nashville', 'Honolulu']]",city-in-state,2,1
278,"['Boston', 'Massachusetts']",1,"[['Hawaii', 'Pennsylvania'], ['Seattle', 'Washington'], ['Orlando', 'Anaheim'], ['Croatia', 'kuna']]",city-in-state,1,1
279,"['Memphis', 'Tennessee']",1,"[['Cleveland', 'Irving'], ['Boston', 'Massachusetts'], ['Alaska', 'Georgia'], ['brothers', 'sisters']]",city-in-state,3,1
280,"['Anchorage', 'Alaska']",0,"[['Toledo', 'Ohio'], ['Hawaii', 'Pennsylvania'], ['Minneapolis', 'Memphis'], ['grandson', 'granddaughter']]",city-in-state,0,0
281,"['Honolulu', 'Hawaii']",0,"[['Pittsburgh', 'Pennsylvania'], ['Alaska', 'Indiana'], ['prince', 'princess'], ['Wichita', 'Madison']]",city-in-state,0,0
282,"['Sacramento', 'California']",3,"[['dad', 'mom'], ['Henderson', 'Fresno'], ['Louisiana', 'Tennessee'], ['Mesa', 'Arizona']]",city-in-state,0,3
283,"['Austin', 'Texas']",1,"[['Romania', 'leu'], ['Detroit', 'Michigan'], ['Florida', 'Nevada'], ['Plano', 'Akron']]",city-in-state,1,1
284,"['Fontana', 'California']",0,"[['Akron', 'Ohio'], ['nephew', 'niece'], ['Michigan', 'Wisconsin'], ['Tulsa', 'Madison']]",city-in-state,0,0
285,"['Miami', 'Florida']",1,"[['Canada', 'dollar'], ['Tulsa', 'Oklahoma'], ['Nashville', 'Glendale'], ['Nebraska', 'Kansas']]",city-in-state,1,1
286,"['Baltimore', 'Maryland']",3,"[['Garland', 'Tampa'], ['Nebraska', 'Pennsylvania'], ['Cambodia', 'riel'], ['Nashville', 'Tennessee']]",city-in-state,3,3
287,"['Oakland', 'California']",2,"[['Hawaii', 'Nevada'], ['Argentina', 'peso'], ['Cleveland', 'Ohio'], ['Hialeah', 'Spokane']]",city-in-state,2,2
288,"['Minneapolis', 'Minnesota']",1,"[['Colorado', 'Maryland'], ['Wichita', 'Kansas'], ['Pittsburgh', 'Reno'], ['husband', 'wife']]",city-in-state,1,1
289,"['Reno', 'Nevada']",1,"[['Kentucky', 'Maryland'], ['Scottsdale', 'Arizona'], ['Chicago', 'Tampa'], ['Romania', 'leu']]",city-in-state,1,1
290,"['Spokane', 'Washington']",3,"[['Tallahassee', 'Miami'], ['prince', 'princess'], ['Oklahoma', 'Pennsylvania'], ['Modesto', 'California']]",city-in-state,3,3
291,"['Toledo', 'Ohio']",2,"[['Hawaii', 'Nevada'], ['Croatia', 'kuna'], ['Plano', 'Texas'], ['Chandler', 'Irving']]",city-in-state,2,2
292,"['Glendale', 'California']",2,"[['Bulgaria', 'lev'], ['Oklahoma', 'Nevada'], ['Tallahassee', 'Florida'], ['Orlando', 'Irvine']]",city-in-state,2,2
293,"['Laredo', 'Texas']",2,"[['Indianapolis', 'Irvine'], ['his', 'her'], ['Chandler', 'Arizona'], ['Michigan', 'Oregon']]",city-in-state,2,0
294,"['Fresno', 'California']",2,"[['Florida', 'Indiana'], ['grandpa', 'grandma'], ['Mesa', 'Arizona'], ['Omaha', 'Cincinnati']]",city-in-state,1,2
295,"['Tallahassee', 'Florida']",3,"[['Alaska', 'Maryland'], ['Cleveland', 'Madison'], ['Bulgaria', 'lev'], ['Huntsville', 'Alabama']]",city-in-state,3,3
296,"['Akron', 'Ohio']",2,"[['Nebraska', 'Oregon'], ['Tacoma', 'Oxnard'], ['Amarillo', 'Texas'], ['Thailand', 'baht']]",city-in-state,2,2
297,"['Arlington', 'Texas']",2,"[['Ohio', 'Massachusetts'], ['Detroit', 'Madison'], ['Bakersfield', 'California'], ['Poland', 'zloty']]",city-in-state,2,2
298,"['Chandler', 'Arizona']",0,"[['Madison', 'Wisconsin'], ['Russia', 'ruble'], ['Washington', 'Kansas'], ['Seattle', 'Sacramento']]",city-in-state,0,0
299,"['Shreveport', 'Louisiana']",0,"[['Tacoma', 'Washington'], ['Lubbock', 'Anaheim'], ['Michigan', 'Georgia'], ['Denmark', 'krone']]",city-in-state,0,0
300,"['Irving', 'Texas']",1,"[['Louisiana', 'Nevada'], ['Fremont', 'California'], ['uncle', 'aunt'], ['Omaha', 'Garland']]",city-in-state,2,1
301,"['Louisville', 'Kentucky']",0,"[['Milwaukee', 'Wisconsin'], ['Tucson', 'Spokane'], ['Minnesota', 'Indiana'], ['grandson', 'granddaughter']]",city-in-state,0,0
302,"['Nashville', 'Tennessee']",1,"[['Alabama', 'Illinois'], ['Louisville', 'Kentucky'], ['he', 'she'], ['Fontana', 'Akron']]",city-in-state,1,1
303,"['Phoenix', 'Arizona']",3,"[['Romania', 'leu'], ['Nebraska', 'Indiana'], ['Arlington', 'Fresno'], ['Dallas', 'Texas']]",city-in-state,3,3
304,"['Bakersfield', 'California']",1,"[['Michigan', 'Wisconsin'], ['Tampa', 'Florida'], ['Fremont', 'Huntsville'], ['stepfather', 'stepmother']]",city-in-state,1,1
305,"['Amarillo', 'Texas']",3,"[['Fremont', 'Huntsville'], ['man', 'woman'], ['Alaska', 'Kansas'], ['Glendale', 'California']]",city-in-state,3,3
306,"['Plano', 'Texas']",1,"[['Ukraine', 'hryvnia'], ['Henderson', 'Nevada'], ['Wichita', 'Atlanta'], ['Kentucky', 'Indiana']]",city-in-state,0,1
307,"['Modesto', 'California']",1,"[['Minnesota', 'Texas'], ['Shreveport', 'Louisiana'], ['Tacoma', 'Plano'], ['Macedonia', 'denar']]",city-in-state,1,1
308,"['Lubbock', 'Texas']",2,"[['Mexico', 'peso'], ['Tallahassee', 'Atlanta'], ['Glendale', 'Arizona'], ['Ohio', 'Indiana']]",city-in-state,2,2
309,"['Hialeah', 'Florida']",2,"[['he', 'she'], ['Indianapolis', 'Madison'], ['Reno', 'Nevada'], ['Michigan', 'Kansas']]",city-in-state,2,2
310,"['Tampa', 'Florida']",2,"[['Louisiana', 'Pennsylvania'], ['his', 'her'], ['Anaheim', 'California'], ['Tallahassee', 'Austin']]",city-in-state,2,2
311,"['Detroit', 'Michigan']",1,"[['Hawaii', 'Arizona'], ['Memphis', 'Tennessee'], ['Cleveland', 'Dallas'], ['Malaysia', 'ringgit']]",city-in-state,1,1
312,"['Denver', 'Colorado']",2,"[['Ohio', 'Arizona'], ['Indianapolis', 'Tampa'], ['Baltimore', 'Maryland'], ['grandfather', 'grandmother']]",city-in-state,2,2
313,"['Stockton', 'California']",3,"[['Mesa', 'Memphis'], ['Michigan', 'Indiana'], ['grandson', 'granddaughter'], ['Cincinnati', 'Ohio']]",city-in-state,3,3
314,"['Orlando', 'Florida']",3,"[['Oklahoma', 'Indiana'], ['policeman', 'policewoman'], ['Boston', 'Garland'], ['Laredo', 'Texas']]",city-in-state,1,3
315,"['Indianapolis', 'Indiana']",3,"[['Wichita', 'Irving'], ['Oklahoma', 'California'], ['Argentina', 'peso'], ['Austin', 'Texas']]",city-in-state,3,3
316,"['Fremont', 'California']",3,"[['policeman', 'policewoman'], ['Tulsa', 'Madison'], ['Hawaii', 'Wisconsin'], ['Spokane', 'Washington']]",city-in-state,0,3
317,"['Houston', 'Texas']",0,"[['Philadelphia', 'Pennsylvania'], ['Washington', 'Massachusetts'], ['Arlington', 'Irvine'], ['Mexico', 'peso']]",city-in-state,0,0
318,"['Huntsville', 'Alabama']",2,"[['Nebraska', 'Texas'], ['Hialeah', 'Oxnard'], ['Worcester', 'Massachusetts'], ['Japan', 'yen']]",city-in-state,2,2
319,"['Oxnard', 'California']",0,"[['Akron', 'Ohio'], ['Toledo', 'Shreveport'], ['Minnesota', 'Massachusetts'], ['brothers', 'sisters']]",city-in-state,0,0
320,"['Dallas', 'Texas']",1,"[['Portland', 'Louisville'], ['Jacksonville', 'Florida'], ['Denmark', 'krone'], ['Alabama', 'Georgia']]",city-in-state,1,1
321,"['Mesa', 'Arizona']",2,"[['Henderson', 'Anaheim'], ['Nebraska', 'Kansas'], ['Atlanta', 'Georgia'], ['India', 'rupee']]",city-in-state,2,2
322,"['Worcester', 'Massachusetts']",0,"[['Chicago', 'Illinois'], ['Minnesota', 'Pennsylvania'], ['Portland', 'Phoenix'], ['Japan', 'yen']]",city-in-state,0,0
323,"['Portland', 'Oregon']",3,"[['Modesto', 'Irving'], ['policeman', 'policewoman'], ['Washington', 'Indiana'], ['Tucson', 'Arizona']]",city-in-state,3,3
324,"['Milwaukee', 'Wisconsin']",0,"[['Portland', 'Oregon'], ['father', 'mother'], ['Seattle', 'Honolulu'], ['Ohio', 'Nevada']]",city-in-state,0,0
325,"['Wichita', 'Kansas']",3,"[['Baltimore', 'Stockton'], ['Bulgaria', 'lev'], ['Minnesota', 'Illinois'], ['Arlington', 'Texas']]",city-in-state,3,3
326,"['Scottsdale', 'Arizona']",0,"[['Irving', 'Texas'], ['Pittsburgh', 'Shreveport'], ['Vietnam', 'dong'], ['Nebraska', 'Pennsylvania']]",city-in-state,2,0
327,"['Atlanta', 'Georgia']",1,"[['Florida', 'Pennsylvania'], ['Omaha', 'Nebraska'], ['brothers', 'sisters'], ['Hialeah', 'Huntsville']]",city-in-state,1,1
328,"['Seattle', 'Washington']",0,"[['Denver', 'Colorado'], ['Tucson', 'Akron'], ['Poland', 'zloty'], ['California', 'Arizona']]",city-in-state,0,0
329,"['Tucson', 'Arizona']",0,"[['Fresno', 'California'], ['Oklahoma', 'Illinois'], ['prince', 'princess'], ['Minneapolis', 'Dallas']]",city-in-state,0,0
330,"['Henderson', 'Nevada']",0,"[['Orlando', 'Florida'], ['Washington', 'Indiana'], ['Seattle', 'Scottsdale'], ['uncle', 'aunt']]",city-in-state,0,0
331,"['Omaha', 'Nebraska']",0,"[['Miami', 'Florida'], ['Ohio', 'Georgia'], ['Modesto', 'Bakersfield'], ['Vietnam', 'dong']]",city-in-state,0,0
332,"['Canada', 'dollar']",3,"[['Mexico', 'Sweden'], ['Canberra', 'Australia'], ['lats', 'naira'], ['Croatia', 'kuna']]",currency,3,3
333,"['Europe', 'euro']",3,"[['rial', 'ruble'], ['Glendale', 'California'], ['Romania', 'India'], ['Hungary', 'forint']]",currency,3,3
334,"['Mexico', 'peso']",1,"[['USA', 'Poland'], ['Nigeria', 'naira'], ['lev', 'leu'], ['Berlin', 'Germany']]",currency,1,1
335,"['Japan', 'yen']",3,"[['Berlin', 'Germany'], ['Thailand', 'Malaysia'], ['riel', 'peso'], ['Korea', 'won']]",currency,1,3
336,"['Angola', 'kwanza']",1,"[['Belmopan', 'Belize'], ['Argentina', 'peso'], ['riel', 'ringgit'], ['Latvia', 'Sweden']]",currency,0,1
337,"['Hungary', 'forint']",3,"[['Bulgaria', 'Croatia'], ['uncle', 'aunt'], ['yen', 'zloty'], ['India', 'rupee']]",currency,1,3
338,"['Algeria', 'dinar']",2,"[['ringgit', 'denar'], ['Vietnam', 'Japan'], ['Angola', 'kwanza'], ['Austin', 'Texas']]",currency,2,2
339,"['Thailand', 'baht']",0,"[['Ukraine', 'hryvnia'], ['Bulgaria', 'India'], ['uncle', 'aunt'], ['dong', 'ruble']]",currency,0,0
340,"['Vietnam', 'dong']",3,"[['Oslo', 'Norway'], ['Poland', 'Poland'], ['lev', 'leu'], ['Algeria', 'dinar']]",currency,0,3
341,"['Armenia', 'dram']",1,"[['Latvia', 'Ukraine'], ['Brazil', 'real'], ['Spokane', 'Washington'], ['hryvnia', 'peso']]",currency,2,1
342,"['Argentina', 'peso']",2,"[['kwanza', 'baht'], ['policeman', 'policewoman'], ['Armenia', 'dram'], ['Bulgaria', 'Macedonia']]",currency,1,2
343,"['Sweden', 'krona']",0,"[['Thailand', 'baht'], ['Dallas', 'Texas'], ['rial', 'zloty'], ['Macedonia', 'Angola']]",currency,0,0
344,"['Macedonia', 'denar']",0,"[['Malaysia', 'ringgit'], ['Romania', 'Brazil'], ['yen', 'forint'], ['Tampa', 'Florida']]",currency,0,0
345,"['Latvia', 'lats']",3,"[['yen', 'peso'], ['Bulgaria', 'Malaysia'], ['Bern', 'Switzerland'], ['Lithuania', 'litas']]",currency,2,3
346,"['Malaysia', 'ringgit']",1,"[['rupee', 'ruble'], ['Mexico', 'peso'], ['Canada', 'Macedonia'], ['Moscow', 'Russia']]",currency,3,1
347,"['USA', 'dollar']",1,"[['stepson', 'stepdaughter'], ['Vietnam', 'dong'], ['riel', 'euro'], ['Romania', 'Sweden']]",currency,0,1
348,"['Korea', 'won']",3,"[['krone', 'peso'], ['Havana', 'Cuba'], ['Algeria', 'Iran'], ['Latvia', 'lats']]",currency,1,3
349,"['Denmark', 'krone']",3,"[['kuna', 'leu'], ['grandpa', 'grandma'], ['Romania', 'Angola'], ['Europe', 'euro']]",currency,1,3
350,"['Brazil', 'real']",2,"[['Cleveland', 'Ohio'], ['Lithuania', 'Poland'], ['Bulgaria', 'lev'], ['riel', 'dinar']]",currency,0,2
351,"['Ukraine', 'hryvnia']",1,"[['yen', 'won'], ['USA', 'dollar'], ['he', 'she'], ['Europe', 'India']]",currency,3,1
352,"['Lithuania', 'litas']",2,"[['Havana', 'Cuba'], ['krone', 'dinar'], ['Macedonia', 'denar'], ['Hungary', 'Nigeria']]",currency,0,2
353,"['India', 'rupee']",2,"[['litas', 'peso'], ['grandson', 'granddaughter'], ['Iran', 'rial'], ['Thailand', 'Macedonia']]",currency,2,2
354,"['Cambodia', 'riel']",1,"[['Hungary', 'Japan'], ['Canada', 'dollar'], ['kuna', 'leu'], ['king', 'queen']]",currency,3,1
355,"['Russia', 'ruble']",3,"[['dollar', 'lev'], ['Madrid', 'Spain'], ['Bulgaria', 'Croatia'], ['Sweden', 'krona']]",currency,1,3
356,"['Nigeria', 'naira']",2,"[['Kampala', 'Uganda'], ['litas', 'dram'], ['Poland', 'zloty'], ['Latvia', 'Japan']]",currency,0,2
357,"['Iran', 'rial']",3,"[['kuna', 'euro'], ['Cairo', 'Egypt'], ['USA', 'Croatia'], ['Japan', 'yen']]",currency,0,3
358,"['Bulgaria', 'lev']",1,"[['Macedonia', 'Angola'], ['Cambodia', 'riel'], ['Kathmandu', 'Nepal'], ['hryvnia', 'dram']]",currency,2,1
359,"['go', 'goes']",3,"[['sitting', 'sat'], ['sing', 'walk'], ['sits', 'listens'], ['implement', 'implements']]",gram9-plural-verbs,2,3
360,"['sing', 'sings']",1,"[['shuffles', 'listens'], ['sit', 'sits'], ['eat', 'scream'], ['looking', 'looked']]",gram9-plural-verbs,1,1
361,"['enhance', 'enhances']",1,"[['goes', 'swims'], ['estimate', 'estimates'], ['sit', 'see'], ['safe', 'safer']]",gram9-plural-verbs,1,1
362,"['walk', 'walks']",0,"[['work', 'works'], ['eat', 'slow'], ['increases', 'predicts'], ['productive', 'unproductive']]",gram9-plural-verbs,3,0
363,"['sit', 'sits']",3,"[['speaks', 'plays'], ['think', 'describe'], ['shuffle', 'shuffling'], ['slow', 'slows']]",gram9-plural-verbs,2,3
364,"['talk', 'talks']",1,"[['writes', 'listens'], ['think', 'thinks'], ['generate', 'say'], ['writing', 'wrote']]",gram9-plural-verbs,1,1
365,"['work', 'works']",2,"[['lion', 'lions'], ['sing', 'vanish'], ['write', 'writes'], ['screams', 'listens']]",gram9-plural-verbs,0,2
366,"['estimate', 'estimates']",1,"[['decreases', 'eats'], ['find', 'finds'], ['describe', 'see'], ['bird', 'birds']]",gram9-plural-verbs,3,1
367,"['provide', 'provides']",1,"[['go', 'search'], ['say', 'says'], ['decreases', 'estimates'], ['pear', 'pears']]",gram9-plural-verbs,3,1
368,"['eat', 'eats']",1,"[['Slovakia', 'Slovakian'], ['enhance', 'enhances'], ['speaks', 'sees'], ['decrease', 'slow']]",gram9-plural-verbs,0,1
369,"['write', 'writes']",1,"[['sure', 'unsure'], ['decrease', 'decreases'], ['enhance', 'see'], ['goes', 'estimates']]",gram9-plural-verbs,1,1
370,"['say', 'says']",0,"[['scream', 'screams'], ['big', 'biggest'], ['generate', 'find'], ['speaks', 'describes']]",gram9-plural-verbs,0,0
371,"['predict', 'predicts']",2,"[['enhance', 'scream'], ['decreases', 'talks'], ['provide', 'provides'], ['Ireland', 'Irish']]",gram9-plural-verbs,3,2
372,"['speak', 'speaks']",3,"[['provide', 'scream'], ['decreases', 'walks'], ['fly', 'flying'], ['swim', 'swims']]",gram9-plural-verbs,3,3
373,"['vanish', 'vanishes']",0,"[['walk', 'walks'], ['enhances', 'predicts'], ['most', 'mostly'], ['go', 'play']]",gram9-plural-verbs,0,0
374,"['listen', 'listens']",0,"[['play', 'plays'], ['decrease', 'increase'], ['speaks', 'walks'], ['woman', 'women']]",gram9-plural-verbs,1,0
375,"['swim', 'swims']",0,"[['talk', 'talks'], ['Moldova', 'Moldovan'], ['goes', 'describes'], ['think', 'see']]",gram9-plural-verbs,1,0
376,"['find', 'finds']",3,"[['efficient', 'efficiently'], ['decreases', 'listens'], ['sit', 'slow'], ['generate', 'generates']]",gram9-plural-verbs,3,3
377,"['implement', 'implements']",1,"[['look', 'looking'], ['increase', 'increases'], ['provide', 'predict'], ['writes', 'talks']]",gram9-plural-verbs,1,1
378,"['think', 'thinks']",2,"[['enhance', 'predict'], ['warm', 'warmest'], ['vanish', 'vanishes'], ['decreases', 'shuffles']]",gram9-plural-verbs,2,2
379,"['decrease', 'decreases']",2,"[['eat', 'swim'], ['rapid', 'rapidly'], ['describe', 'describes'], ['provides', 'plays']]",gram9-plural-verbs,0,2
380,"['scream', 'screams']",3,"[['sing', 'see'], ['decreasing', 'decreased'], ['provides', 'estimates'], ['search', 'searches']]",gram9-plural-verbs,3,3
381,"['shuffle', 'shuffles']",1,"[['pleasant', 'unpleasant'], ['sing', 'sings'], ['provide', 'vanish'], ['enhances', 'walks']]",gram9-plural-verbs,0,1
382,"['slow', 'slows']",3,"[['sleeping', 'slept'], ['searches', 'shuffles'], ['work', 'describe'], ['speak', 'speaks']]",gram9-plural-verbs,0,3
383,"['increase', 'increases']",1,"[['provide', 'search'], ['listen', 'listens'], ['speaks', 'eats'], ['efficient', 'efficiently']]",gram9-plural-verbs,1,1
384,"['describe', 'describes']",3,"[['cloud', 'clouds'], ['sits', 'estimates'], ['sing', 'scream'], ['eat', 'eats']]",gram9-plural-verbs,0,3
385,"['search', 'searches']",1,"[['shuffles', 'predicts'], ['see', 'sees'], ['write', 'walk'], ['fortunate', 'unfortunate']]",gram9-plural-verbs,3,1
386,"['happy', 'happily']",0,"[['immediate', 'immediately'], ['apparent', 'sudden'], ['selling', 'sold'], ['rarely', 'infrequently']]",gram1-adjective-to-adverb,3,0
387,"['rapid', 'rapidly']",0,"[['rare', 'rarely'], ['professionally', 'infrequently'], ['precise', 'safe'], ['England', 'English']]",gram1-adjective-to-adverb,3,0
388,"['lucky', 'luckily']",2,"[['fast', 'faster'], ['happy', 'usual'], ['most', 'mostly'], ['immediately', 'amazingly']]",gram1-adjective-to-adverb,0,1
389,"['quiet', 'quietly']",0,"[['rapid', 'rapidly'], ['eagle', 'eagles'], ['furious', 'complete'], ['typically', 'amazingly']]",gram1-adjective-to-adverb,1,0
390,"['infrequent', 'infrequently']",3,"[['child', 'children'], ['furiously', 'unfortunately'], ['reluctant', 'immediate'], ['lucky', 'luckily']]",gram1-adjective-to-adverb,3,3
391,"['immediate', 'immediately']",0,"[['infrequent', 'infrequently'], ['efficiently', 'safely'], ['fortunate', 'fortunate'], ['tall', 'tallest']]",gram1-adjective-to-adverb,3,0
392,"['serious', 'seriously']",0,"[['slow', 'slowly'], ['hitting', 'hit'], ['quietly', 'luckily'], ['cheerful', 'calm']]",gram1-adjective-to-adverb,3,0
393,"['amazing', 'amazingly']",3,"[['swiftly', 'reluctantly'], ['fortunate', 'rapid'], ['rational', 'irrational'], ['apparent', 'apparently']]",gram1-adjective-to-adverb,2,3
394,"['professional', 'professionally']",3,"[['young', 'youngest'], ['cheerful', 'lucky'], ['precisely', 'fortunately'], ['quick', 'quickly']]",gram1-adjective-to-adverb,1,3
395,"['swift', 'swiftly']",0,"[['typical', 'typically'], ['precisely', 'occasionally'], ['Austria', 'Austrian'], ['unfortunate', 'sudden']]",gram1-adjective-to-adverb,2,0
396,"['fortunate', 'fortunately']",2,"[['tight', 'tighter'], ['efficiently', 'slowly'], ['free', 'freely'], ['amazing', 'sudden']]",gram1-adjective-to-adverb,0,3
397,"['quick', 'quickly']",2,"[['professionally', 'luckily'], ['fast', 'faster'], ['quiet', 'quietly'], ['cheerful', 'fortunate']]",gram1-adjective-to-adverb,1,2
398,"['sudden', 'suddenly']",0,"[['swift', 'swiftly'], ['paying', 'paid'], ['fortunate', 'lucky'], ['furiously', 'fortunately']]",gram1-adjective-to-adverb,2,0
399,"['occasional', 'occasionally']",0,"[['possible', 'possibly'], ['safe', 'safer'], ['apparently', 'rapidly'], ['amazing', 'complete']]",gram1-adjective-to-adverb,1,0
400,"['unfortunate', 'unfortunately']",0,"[['usual', 'usually'], ['quickly', 'luckily'], ['convincing', 'unconvincing'], ['professional', 'occasional']]",gram1-adjective-to-adverb,2,0
401,"['most', 'mostly']",3,"[['professionally', 'efficiently'], ['dollar', 'dollars'], ['fortunate', 'complete'], ['obvious', 'obviously']]",gram1-adjective-to-adverb,1,3
402,"['free', 'freely']",2,"[['calmly', 'occasionally'], ['infrequent', 'immediate'], ['furious', 'furiously'], ['sharp', 'sharpest']]",gram1-adjective-to-adverb,3,2
403,"['apparent', 'apparently']",0,"[['calm', 'calmly'], ['happy', 'fortunate'], ['swiftly', 'infrequently'], ['fortunate', 'unfortunate']]",gram1-adjective-to-adverb,3,0
404,"['precise', 'precisely']",1,"[['rarely', 'occasionally'], ['professional', 'professionally'], ['infrequent', 'lucky'], ['weird', 'weirdest']]",gram1-adjective-to-adverb,0,1
405,"['calm', 'calmly']",2,"[['precise', 'lucky'], ['immediately', 'happily'], ['cheerful', 'cheerfully'], ['bad', 'worse']]",gram1-adjective-to-adverb,2,2
406,"['typical', 'typically']",1,"[['high', 'higher'], ['unfortunate', 'unfortunately'], ['infrequent', 'rare'], ['suddenly', 'reluctantly']]",gram1-adjective-to-adverb,2,1
407,"['obvious', 'obviously']",2,"[['professionally', 'infrequently'], ['happy', 'sudden'], ['occasional', 'occasionally'], ['looking', 'looked']]",gram1-adjective-to-adverb,1,2
408,"['efficient', 'efficiently']",2,"[['amazing', 'lucky'], ['typically', 'slowly'], ['fortunate', 'fortunately'], ['swim', 'swims']]",gram1-adjective-to-adverb,3,2
409,"['reluctant', 'reluctantly']",3,"[['cheerfully', 'slowly'], ['most', 'calm'], ['eye', 'eyes'], ['safe', 'safely']]",gram1-adjective-to-adverb,2,3
410,"['possible', 'possibly']",2,"[['unfortunate', 'safe'], ['rarely', 'fortunately'], ['precise', 'precisely'], ['write', 'writing']]",gram1-adjective-to-adverb,2,2
411,"['slow', 'slowly']",3,"[['swiftly', 'infrequently'], ['most', 'usual'], ['swim', 'swims'], ['sudden', 'suddenly']]",gram1-adjective-to-adverb,2,3
412,"['safe', 'safely']",0,"[['serious', 'seriously'], ['furious', 'calm'], ['apparently', 'infrequently'], ['generate', 'generates']]",gram1-adjective-to-adverb,3,0
413,"['furious', 'furiously']",2,"[['Chile', 'Chilean'], ['unfortunate', 'usual'], ['happy', 'happily'], ['quickly', 'slowly']]",gram1-adjective-to-adverb,0,2
414,"['cheerful', 'cheerfully']",3,"[['decided', 'undecided'], ['most', 'lucky'], ['professionally', 'occasionally'], ['complete', 'completely']]",gram1-adjective-to-adverb,0,3
415,"['Madrid', 'Spain']",0,"[['Moscow', 'Russia'], ['Cambodia', 'riel'], ['Canberra', 'Athens'], ['Australia', 'Japan']]",capital-common-countries,0,0
416,"['Oslo', 'Norway']",1,"[['Egypt', 'Finland'], ['Ottawa', 'Canada'], ['grandfather', 'grandmother'], ['Cairo', 'Islamabad']]",capital-common-countries,2,1
417,"['Rome', 'Italy']",0,"[['Stockholm', 'Sweden'], ['Islamabad', 'Hanoi'], ['France', 'Greece'], ['Brazil', 'real']]",capital-common-countries,0,0
418,"['Helsinki', 'Finland']",3,"[['Germany', 'Sweden'], ['Japan', 'yen'], ['Rome', 'Madrid'], ['Islamabad', 'Pakistan']]",capital-common-countries,3,3
419,"['Paris', 'France']",3,"[['son', 'daughter'], ['Helsinki', 'Beijing'], ['Germany', 'China'], ['Rome', 'Italy']]",capital-common-countries,3,3
420,"['Canberra', 'Australia']",2,"[['Moscow', 'Berlin'], ['Iran', 'rial'], ['Hanoi', 'Vietnam'], ['England', 'China']]",capital-common-countries,2,2
421,"['London', 'England']",1,"[['groom', 'bride'], ['Madrid', 'Spain'], ['Helsinki', 'Athens'], ['Norway', 'Greece']]",capital-common-countries,0,1
422,"['Berlin', 'Germany']",2,"[['Paris', 'Stockholm'], ['stepbrother', 'stepsister'], ['Bern', 'Switzerland'], ['England', 'Afghanistan']]",capital-common-countries,1,2
423,"['Islamabad', 'Pakistan']",3,"[['his', 'her'], ['Norway', 'Iran'], ['Havana', 'Tehran'], ['Kabul', 'Afghanistan']]",capital-common-countries,3,3
424,"['Baghdad', 'Iraq']",2,"[['Rome', 'Beijing'], ['Australia', 'Sweden'], ['Bangkok', 'Thailand'], ['he', 'she']]",capital-common-countries,2,2
425,"['Ottawa', 'Canada']",0,"[['Paris', 'France'], ['father', 'mother'], ['Australia', 'Greece'], ['Rome', 'Hanoi']]",capital-common-countries,0,0
426,"['Beijing', 'China']",1,"[['Macedonia', 'denar'], ['Berlin', 'Germany'], ['France', 'Greece'], ['Canberra', 'Rome']]",capital-common-countries,0,1
427,"['Bangkok', 'Thailand']",3,"[['husband', 'wife'], ['Baghdad', 'Hanoi'], ['France', 'Finland'], ['Beijing', 'China']]",capital-common-countries,3,3
428,"['Stockholm', 'Sweden']",1,"[['Bangkok', 'Ottawa'], ['Tehran', 'Iran'], ['Sweden', 'krona'], ['Iraq', 'Egypt']]",capital-common-countries,1,1
429,"['Tokyo', 'Japan']",2,"[['Italy', 'Russia'], ['Paris', 'Stockholm'], ['Athens', 'Greece'], ['husband', 'wife']]",capital-common-countries,2,2
430,"['Cairo', 'Egypt']",2,"[['Iraq', 'Pakistan'], ['Moscow', 'Stockholm'], ['Canberra', 'Australia'], ['Thailand', 'baht']]",capital-common-countries,3,2
431,"['Kabul', 'Afghanistan']",3,"[['Lithuania', 'litas'], ['Canberra', 'Madrid'], ['Switzerland', 'Russia'], ['London', 'England']]",capital-common-countries,0,3
432,"['Tehran', 'Iran']",2,"[['Iraq', 'Afghanistan'], ['Moscow', 'Beijing'], ['Tokyo', 'Japan'], ['Denmark', 'krone']]",capital-common-countries,0,2
433,"['Bern', 'Switzerland']",2,"[['Australia', 'Afghanistan'], ['Paris', 'Athens'], ['Cairo', 'Egypt'], ['Europe', 'euro']]",capital-common-countries,2,2
434,"['Havana', 'Cuba']",2,"[['Canada', 'Switzerland'], ['Oslo', 'Berlin'], ['Helsinki', 'Finland'], ['man', 'woman']]",capital-common-countries,2,2
435,"['Moscow', 'Russia']",3,"[['man', 'woman'], ['London', 'Ottawa'], ['Italy', 'Egypt'], ['Oslo', 'Norway']]",capital-common-countries,3,3
436,"['generate', 'generating']",2,"[['paying', 'paid'], ['reading', 'thinking'], ['go', 'going'], ['look', 'run']]",gram5-present-participle,0,2
437,"['listen', 'listening']",0,"[['look', 'looking'], ['Brazil', 'Brazilian'], ['write', 'swim'], ['slowing', 'singing']]",gram5-present-participle,1,0
438,"['debug', 'debugging']",2,"[['read', 'swim'], ['small', 'smallest'], ['decrease', 'decreasing'], ['slowing', 'singing']]",gram5-present-participle,2,2
439,"['think', 'thinking']",2,"[['cold', 'colder'], ['invent', 'swim'], ['vanish', 'vanishing'], ['discovering', 'screaming']]",gram5-present-participle,2,2
440,"['say', 'saying']",1,"[['loud', 'louder'], ['scream', 'screaming'], ['generating', 'predicting'], ['implement', 'run']]",gram5-present-participle,0,1
441,"['write', 'writing']",2,"[['implementing', 'implemented'], ['reading', 'increasing'], ['code', 'coding'], ['generate', 'discover']]",gram5-present-participle,2,3
442,"['walk', 'walking']",2,"[['Australia', 'Australian'], ['go', 'code'], ['write', 'writing'], ['vanishing', 'thinking']]",gram5-present-participle,0,2
443,"['sing', 'singing']",1,"[['decrease', 'walk'], ['sit', 'sitting'], ['smart', 'smarter'], ['discovering', 'swimming']]",gram5-present-participle,2,1
444,"['slow', 'slowing']",0,"[['swim', 'swimming'], ['rat', 'rats'], ['vanishing', 'sitting'], ['sit', 'code']]",gram5-present-participle,1,1
445,"['fly', 'flying']",1,"[['decreasing', 'screaming'], ['generate', 'generating'], ['simple', 'simpler'], ['listen', 'walk']]",gram5-present-participle,1,1
446,"['shuffle', 'shuffling']",3,"[['cow', 'cows'], ['writing', 'sitting'], ['listen', 'vanish'], ['sing', 'singing']]",gram5-present-participle,0,3
447,"['move', 'moving']",0,"[['play', 'playing'], ['sit', 'code'], ['inventing', 'thinking'], ['cold', 'coldest']]",gram5-present-participle,3,0
448,"['see', 'seeing']",0,"[['shuffle', 'shuffling'], ['inventing', 'playing'], ['cold', 'coldest'], ['describe', 'code']]",gram5-present-participle,0,0
449,"['run', 'running']",0,"[['say', 'saying'], ['look', 'debug'], ['Macedonia', 'Macedonian'], ['slowing', 'inventing']]",gram5-present-participle,2,0
450,"['look', 'looking']",3,"[['describing', 'predicting'], ['Switzerland', 'Swiss'], ['enhance', 'run'], ['move', 'moving']]",gram5-present-participle,1,3
451,"['decrease', 'decreasing']",0,"[['describe', 'describing'], ['going', 'screaming'], ['Italy', 'Italian'], ['dance', 'fly']]",gram5-present-participle,2,0
452,"['sit', 'sitting']",1,"[['quiet', 'quietly'], ['slow', 'slowing'], ['invent', 'swim'], ['generating', 'listening']]",gram5-present-participle,1,1
453,"['predict', 'predicting']",0,"[['read', 'reading'], ['play', 'slow'], ['old', 'oldest'], ['shuffling', 'sitting']]",gram5-present-participle,3,0
454,"['read', 'reading']",0,"[['run', 'running'], ['writing', 'swimming'], ['write', 'predict'], ['shrinking', 'shrank']]",gram5-present-participle,0,0
455,"['scream', 'screaming']",3,"[['discovering', 'enhancing'], ['generate', 'describe'], ['slowing', 'slowed'], ['see', 'seeing']]",gram5-present-participle,2,3
456,"['go', 'going']",1,"[['vanishing', 'sitting'], ['implement', 'implementing'], ['invent', 'debug'], ['Greece', 'Greek']]",gram5-present-participle,3,1
457,"['describe', 'describing']",3,"[['think', 'say'], ['shuffling', 'enhancing'], ['usual', 'usually'], ['discover', 'discovering']]",gram5-present-participle,0,3
458,"['play', 'playing']",2,"[['implement', 'say'], ['shuffling', 'seeing'], ['predict', 'predicting'], ['go', 'goes']]",gram5-present-participle,2,2
459,"['invent', 'inventing']",2,"[['slowing', 'enhancing'], ['thinking', 'thought'], ['jump', 'jumping'], ['listen', 'say']]",gram5-present-participle,2,2
460,"['increase', 'increasing']",0,"[['invent', 'inventing'], ['think', 'slow'], ['shuffle', 'shuffles'], ['decreasing', 'playing']]",gram5-present-participle,2,0
461,"['enhance', 'enhancing']",1,"[['reading', 'looking'], ['fly', 'flying'], ['generate', 'scream'], ['Cambodia', 'Cambodian']]",gram5-present-participle,3,1
462,"['jump', 'jumping']",1,"[['slow', 'slows'], ['listen', 'listening'], ['writing', 'playing'], ['describe', 'discover']]",gram5-present-participle,0,1
463,"['vanish', 'vanishing']",0,"[['walk', 'walking'], ['shuffling', 'inventing'], ['good', 'best'], ['look', 'swim']]",gram5-present-participle,0,0
464,"['implement', 'implementing']",3,"[['sing', 'run'], ['generating', 'dancing'], ['cold', 'colder'], ['increase', 'increasing']]",gram5-present-participle,2,3
465,"['discover', 'discovering']",3,"[['think', 'walk'], ['China', 'Chinese'], ['going', 'seeing'], ['enhance', 'enhancing']]",gram5-present-participle,1,3
466,"['computer', 'computers']",2,"[['dogs', 'colors'], ['cool', 'coolest'], ['cow', 'cows'], ['woman', 'goat']]",gram8-plural,2,2
467,"['banana', 'bananas']",2,"[['easy', 'easier'], ['monkeys', 'pears'], ['bird', 'birds'], ['woman', 'car']]",gram8-plural,2,2
468,"['donkey', 'donkeys']",2,"[['dollars', 'computers'], ['onion', 'eye'], ['dream', 'dreams'], ['screaming', 'screamed']]",gram8-plural,2,2
469,"['onion', 'onions']",3,"[['men', 'birds'], ['informed', 'uninformed'], ['goat', 'finger'], ['pear', 'pears']]",gram8-plural,3,3
470,"['man', 'men']",3,"[['bottle', 'child'], ['eyes', 'dreams'], ['listen', 'listening'], ['melon', 'melons']]",gram8-plural,3,3
471,"['road', 'roads']",3,"[['bananas', 'horses'], ['machine', 'pig'], ['weird', 'weirdest'], ['snake', 'snakes']]",gram8-plural,3,3
472,"['snake', 'snakes']",3,"[['children', 'cars'], ['Russia', 'Russian'], ['color', 'eye'], ['woman', 'women']]",gram8-plural,1,3
473,"['dream', 'dreams']",0,"[['eagle', 'eagles'], ['write', 'writing'], ['eyes', 'pigs'], ['mango', 'cloud']]",gram8-plural,0,1
474,"['hand', 'hands']",0,"[['horse', 'horses'], ['swimming', 'swam'], ['dollars', 'goats'], ['dollar', 'mouse']]",gram8-plural,1,0
475,"['cloud', 'clouds']",1,"[['mangoes', 'eagles'], ['color', 'colors'], ['hiding', 'hid'], ['lion', 'donkey']]",gram8-plural,1,1
476,"['pig', 'pigs']",1,"[['woman', 'melon'], ['pineapple', 'pineapples'], ['estimate', 'estimates'], ['roads', 'computers']]",gram8-plural,1,1
477,"['building', 'buildings']",3,"[['convincing', 'unconvincing'], ['dogs', 'hands'], ['lion', 'dream'], ['car', 'cars']]",gram8-plural,3,3
478,"['eagle', 'eagles']",1,"[['quick', 'quicker'], ['elephant', 'elephants'], ['cats', 'donkeys'], ['lion', 'horse']]",gram8-plural,1,1
479,"['eye', 'eyes']",2,"[['melon', 'pig'], ['pears', 'birds'], ['finger', 'fingers'], ['weak', 'weakest']]",gram8-plural,2,2
480,"['cat', 'cats']",3,"[['lion', 'eye'], ['dogs', 'cows'], ['hot', 'hotter'], ['child', 'children']]",gram8-plural,1,3
481,"['monkey', 'monkeys']",0,"[['mouse', 'mice'], ['bottle', 'finger'], ['efficient', 'efficiently'], ['melons', 'elephants']]",gram8-plural,0,0
482,"['mouse', 'mice']",1,"[['productive', 'unproductive'], ['onion', 'onions'], ['fingers', 'dreams'], ['goat', 'melon']]",gram8-plural,0,1
483,"['horse', 'horses']",2,"[['bananas', 'computers'], ['melon', 'child'], ['lion', 'lions'], ['generating', 'generated']]",gram8-plural,2,2
484,"['pineapple', 'pineapples']",2,"[['building', 'donkey'], ['bottles', 'cows'], ['rat', 'rats'], ['France', 'French']]",gram8-plural,2,2
485,"['woman', 'women']",0,"[['banana', 'bananas'], ['Sweden', 'Swedish'], ['onion', 'elephant'], ['fingers', 'pineapples']]",gram8-plural,0,0
486,"['goat', 'goats']",0,"[['hand', 'hands'], ['scream', 'screaming'], ['color', 'dog'], ['eyes', 'donkeys']]",gram8-plural,1,3
487,"['rat', 'rats']",2,"[['lion', 'pineapple'], ['low', 'lowest'], ['road', 'roads'], ['mice', 'onions']]",gram8-plural,2,2
488,"['bird', 'birds']",3,"[['rat', 'elephant'], ['mangoes', 'dreams'], ['speak', 'speaks'], ['bottle', 'bottles']]",gram8-plural,3,3
489,"['dog', 'dogs']",2,"[['pears', 'pineapples'], ['bottle', 'car'], ['dollar', 'dollars'], ['scream', 'screaming']]",gram8-plural,0,2
490,"['cow', 'cows']",2,"[['color', 'cloud'], ['mice', 'pineapples'], ['dog', 'dogs'], ['sit', 'sits']]",gram8-plural,2,2
491,"['finger', 'fingers']",0,"[['goat', 'goats'], ['woman', 'pear'], ['bottles', 'cars'], ['possibly', 'impossibly']]",gram8-plural,0,0
492,"['mango', 'mangoes']",0,"[['man', 'men'], ['monkey', 'horse'], ['bottles', 'eagles'], ['rapid', 'rapidly']]",gram8-plural,1,0
493,"['car', 'cars']",1,"[['machine', 'donkey'], ['cat', 'cats'], ['lucky', 'luckily'], ['dollars', 'onions']]",gram8-plural,1,1
494,"['bottle', 'bottles']",0,"[['building', 'buildings'], ['rats', 'dreams'], ['machine', 'eye'], ['cheap', 'cheaper']]",gram8-plural,3,0
495,"['child', 'children']",0,"[['cloud', 'clouds'], ['onion', 'elephant'], ['mice', 'dreams'], ['Denmark', 'Danish']]",gram8-plural,0,0
496,"['elephant', 'elephants']",2,"[['smart', 'smartest'], ['cow', 'pineapple'], ['eye', 'eyes'], ['buildings', 'cars']]",gram8-plural,0,2
497,"['melon', 'melons']",0,"[['monkey', 'monkeys'], ['machine', 'dream'], ['implementing', 'implemented'], ['rats', 'elephants']]",gram8-plural,0,0
498,"['pear', 'pears']",0,"[['pig', 'pigs'], ['responsible', 'irresponsible'], ['clouds', 'cars'], ['man', 'dream']]",gram8-plural,0,0
499,"['color', 'colors']",3,"[['fingers', 'pears'], ['onion', 'bird'], ['thinking', 'thought'], ['computer', 'computers']]",gram8-plural,3,3
